crop,reproduced_total_km3,paper_reported_total_km3,difference_km3,absolute_difference_km3,relative_difference_percent
Rice,1183.5,1183.0,0.5,0.5,0.0422654268808114
Wheat,765.3,765.0,0.2999999999999545,0.2999999999999545,0.0392156862745038
Maize,859.8,860.0,-0.2000000000000454,0.2000000000000454,-0.0232558139534936
Soybean,520.9,521.0,-0.1000000000000227,0.1000000000000227,-0.0191938579654554
