crop,reproduced_total_km3,paper_reported_total_km3,difference_km3,absolute_difference_km3,relative_difference_percent
Rice,1183.4734518363475,1183.0,0.4734518363475217,0.4734518363475217,0.0400212879414642
Wheat,765.2744797785347,765.0,0.2744797785346691,0.2744797785346691,0.035879709612375
Maize,859.7714389739238,860.0,-0.2285610260762496,0.2285610260762496,-0.0265768634972383
Soybean,520.9161819646383,521.0,-0.0838180353616735,0.0838180353616735,-0.0160879146567511
