crop,rainfed_green_km3,irrigated_green_km3,blue_water_km3,paddy_flooding_km3,reproduced_total_km3,paper_reported_total_km3,calculated_total_km3,difference_km3,absolute_difference_km3,relative_difference_percent
Maize,760.0,55.0,44.8,0.0,859.8,860.0,859.8,-0.20000000000004547,0.20000000000004547,-0.02325581395349366
Soybean,470.0,28.0,22.9,0.0,520.9,521.0,520.9,-0.10000000000002274,0.10000000000002274,-0.019193857965455422
Rice,510.0,310.0,215.0,148.5,1183.5,1183.0,1183.5,0.5,0.5,0.042265426880811495
Wheat,560.0,95.0,110.3,0.0,765.3,765.0,765.3,0.2999999999999545,0.2999999999999545,0.039215686274503864
